Ques1_1,Tag1,Link1_1
Ques2_1,Tag1,Link2_1
Ques3_1,Tag1,Link3_1
Ques4_1,Tag1,Link4_1
Ques5_1,Tag1,Link5_1
Ques6_1,Tag1,Link6_1
Ques7_1,Tag1,Link7_1
Ques8_1,Tag1,Link8_1
Ques9_1,Tag1,Link9_1
Ques10_1,Tag1,Link10_1
Ques11_1,Tag1,Link11_1
Ques12_1,Tag1,Link12_1
Ques13_1,Tag1,Link13_1
Ques14_1,Tag1,Link14_1
Ques15_1,Tag1,Link15_1
Ques16_1,Tag1,Link16_1
Ques17_1,Tag1,Link17_1
Ques18_1,Tag1,Link18_1
Ques19_1,Tag1,Link19_1
Ques20_1,Tag1,Link20_1
Ques21_1,Tag1,Link21_1
Ques22_1,Tag1,Link22_1
Ques23_1,Tag1,Link23_1
Ques24_1,Tag1,Link24_1
Ques25_1,Tag1,Link25_1
Ques26_1,Tag1,Link26_1
Ques27_1,Tag1,Link27_1
Ques28_1,Tag1,Link28_1
Ques29_1,Tag1,Link29_1
Ques30_1,Tag1,Link30_1
Ques1_2,Tag2,Link1_2
Ques2_2,Tag2,Link2_2
Ques3_2,Tag2,Link3_2
Ques4_2,Tag2,Link4_2
Ques5_2,Tag2,Link5_2
Ques6_2,Tag2,Link6_2
Ques7_2,Tag2,Link7_2
Ques8_2,Tag2,Link8_2
Ques9_2,Tag2,Link9_2
Ques10_2,Tag2,Link10_2
Ques11_2,Tag2,Link11_2
Ques12_2,Tag2,Link12_2
Ques13_2,Tag2,Link13_2
Ques14_2,Tag2,Link14_2
Ques15_2,Tag2,Link15_2
Ques16_2,Tag2,Link16_2
Ques17_2,Tag2,Link17_2
Ques18_2,Tag2,Link18_2
Ques19_2,Tag2,Link19_2
Ques20_2,Tag2,Link20_2
Ques21_2,Tag2,Link21_2
Ques22_2,Tag2,Link22_2
Ques23_2,Tag2,Link23_2
Ques24_2,Tag2,Link24_2
Ques25_2,Tag2,Link25_2
Ques26_2,Tag2,Link26_2
Ques27_2,Tag2,Link27_2
Ques28_2,Tag2,Link28_2
Ques29_2,Tag2,Link29_2
Ques30_2,Tag2,Link30_2
Ques1_3,Tag3,Link1_3
Ques2_3,Tag3,Link2_3
Ques3_3,Tag3,Link3_3
Ques4_3,Tag3,Link4_3
Ques5_3,Tag3,Link5_3
Ques6_3,Tag3,Link6_3
Ques7_3,Tag3,Link7_3
Ques8_3,Tag3,Link8_3
Ques9_3,Tag3,Link9_3
Ques10_3,Tag3,Link10_3
Ques11_3,Tag3,Link11_3
Ques12_3,Tag3,Link12_3
Ques13_3,Tag3,Link13_3
Ques14_3,Tag3,Link14_3
Ques15_3,Tag3,Link15_3
Ques16_3,Tag3,Link16_3
Ques17_3,Tag3,Link17_3
Ques18_3,Tag3,Link18_3
Ques19_3,Tag3,Link19_3
Ques20_3,Tag3,Link20_3
Ques21_3,Tag3,Link21_3
Ques22_3,Tag3,Link22_3
Ques23_3,Tag3,Link23_3
Ques24_3,Tag3,Link24_3
Ques25_3,Tag3,Link25_3
Ques26_3,Tag3,Link26_3
Ques27_3,Tag3,Link27_3
Ques28_3,Tag3,Link28_3
Ques29_3,Tag3,Link29_3
Ques30_3,Tag3,Link30_3
Ques1_4,Tag4,Link1_4
Ques2_4,Tag4,Link2_4
Ques3_4,Tag4,Link3_4
Ques4_4,Tag4,Link4_4
Ques5_4,Tag4,Link5_4
Ques6_4,Tag4,Link6_4
Ques7_4,Tag4,Link7_4
Ques8_4,Tag4,Link8_4
Ques9_4,Tag4,Link9_4
Ques10_4,Tag4,Link10_4
Ques11_4,Tag4,Link11_4
Ques12_4,Tag4,Link12_4
Ques13_4,Tag4,Link13_4
Ques14_4,Tag4,Link14_4
Ques15_4,Tag4,Link15_4
Ques16_4,Tag4,Link16_4
Ques17_4,Tag4,Link17_4
Ques18_4,Tag4,Link18_4
Ques19_4,Tag4,Link19_4
Ques20_4,Tag4,Link20_4
Ques21_4,Tag4,Link21_4
Ques22_4,Tag4,Link22_4
Ques23_4,Tag4,Link23_4
Ques24_4,Tag4,Link24_4
Ques25_4,Tag4,Link25_4
Ques26_4,Tag4,Link26_4
Ques27_4,Tag4,Link27_4
Ques28_4,Tag4,Link28_4
Ques29_4,Tag4,Link29_4
Ques30_4,Tag4,Link30_4
Ques1_5,Tag5,Link1_5
Ques2_5,Tag5,Link2_5
Ques3_5,Tag5,Link3_5
Ques4_5,Tag5,Link4_5
Ques5_5,Tag5,Link5_5
Ques6_5,Tag5,Link6_5
Ques7_5,Tag5,Link7_5
Ques8_5,Tag5,Link8_5
Ques9_5,Tag5,Link9_5
Ques10_5,Tag5,Link10_5
Ques11_5,Tag5,Link11_5
Ques12_5,Tag5,Link12_5
Ques13_5,Tag5,Link13_5
Ques14_5,Tag5,Link14_5
Ques15_5,Tag5,Link15_5
Ques16_5,Tag5,Link16_5
Ques17_5,Tag5,Link17_5
Ques18_5,Tag5,Link18_5
Ques19_5,Tag5,Link19_5
Ques20_5,Tag5,Link20_5
Ques21_5,Tag5,Link21_5
Ques22_5,Tag5,Link22_5
Ques23_5,Tag5,Link23_5
Ques24_5,Tag5,Link24_5
Ques25_5,Tag5,Link25_5
Ques26_5,Tag5,Link26_5
Ques27_5,Tag5,Link27_5
Ques28_5,Tag5,Link28_5
Ques29_5,Tag5,Link29_5
Ques30_5,Tag5,Link30_5
